{
  "timestamp": "2026-03-04T06:03:02.805Z",
  "totalHooks": 14,
  "profiles": {
    "pre-tool-use": {
      "hookType": "pre-tool-use",
      "executions": [
        41.91229999999999,
        46.37080000000003,
        31.59849999999983,
        61.1866,
        46.38369999999986,
        30.952999999999975,
        61.8082000000004,
        46.77360000000044,
        47.63670000000002,
        30.863900000000285,
        15.031100000000151,
        30.27770000000055,
        45.825700000001234,
        60.864700000000084,
        31.044300000001385,
        61.26289999999972,
        45.76219999999921,
        46.78759999999966,
        46.0617000000002,
        62.658400000000256
      ],
      "p50": 46.0617000000002,
      "p95": 61.8082000000004,
      "p99": 62.658400000000256,
      "mean": 44.55318000000016,
      "total": 891.0636000000032
    },
    "post-tool-use": {
      "hookType": "post-tool-use",
      "executions": [
        60.81320000000002,
        62.00350000000003,
        60.33909999999992,
        62.61889999999994,
        46.28600000000006,
        61.83269999999993,
        62.01009999999951,
        46.07670000000053,
        31.474199999999655,
        15.61450000000059,
        62.04820000000018,
        45.286199999998644,
        61.72950000000128,
        30.089500000000044,
        61.60019999999895,
        62.06739999999991,
        46.04809999999998,
        32.090799999999945,
        45.78070000000116,
        45.59310000000005
      ],
      "p50": 46.28600000000006,
      "p95": 62.06739999999991,
      "p99": 62.61889999999994,
      "mean": 50.07013000000002,
      "total": 1001.4026000000003
    },
    "permission-request": {
      "hookType": "permission-request",
      "executions": [
        76.97820000000002,
        61.90400000000011,
        31.182700000000068,
        62.016999999999825,
        77.53909999999996,
        78.5644000000002,
        45.956599999999526,
        30.505699999999706,
        31.0662999999995,
        46.70709999999963,
        77.25669999999991,
        46.231400000000576,
        61.53120000000126,
        45.961999999999534,
        78.54639999999927,
        46.074500000000626,
        61.63470000000052,
        61.99989999999889,
        77.42339999999967,
        77.43710000000101
      ],
      "p50": 61.63470000000052,
      "p95": 78.54639999999927,
      "p99": 78.5644000000002,
      "mean": 58.825919999999996,
      "total": 1176.5184
    },
    "setup-init": {
      "hookType": "setup-init",
      "executions": [
        46.41700000000003,
        46.70580000000018,
        31.718599999999924,
        61.63099999999986,
        46.007300000000214,
        48.10059999999976,
        31.110999999999876,
        61.97980000000007,
        45.41980000000058,
        61.8751000000002,
        31.387899999999718,
        62.47190000000046,
        46.02570000000014,
        61.813500000000204,
        62.295500000000175,
        31.360000000000582,
        30.78359999999884,
        15.069100000000617,
        62.38090000000011,
        62.00730000000112
      ],
      "p50": 46.41700000000003,
      "p95": 62.38090000000011,
      "p99": 62.47190000000046,
      "mean": 47.32807000000013,
      "total": 946.5614000000027
    },
    "setup-maintenance": {
      "hookType": "setup-maintenance",
      "executions": [
        61.55930000000001,
        29.42899999999986,
        47.92679999999996,
        46.379599999999755,
        16.151200000000244,
        46.217899999999645,
        61.02639999999974,
        45.71109999999953,
        63.50620000000072,
        45.48350000000028,
        30.305900000000292,
        30.691000000000713,
        15.501099999999497,
        46.67950000000019,
        45.302700000000186,
        46.38619999999901,
        14.638499999999112,
        15.048699999999371,
        61.58110000000124,
        62.22940000000017
      ],
      "p50": 45.71109999999953,
      "p95": 62.22940000000017,
      "p99": 63.50620000000072,
      "mean": 41.58775499999997,
      "total": 831.7550999999995
    },
    "session-end": {
      "hookType": "session-end",
      "executions": [
        31.048299999999983,
        62.41129999999998,
        29.868600000000015,
        45.73189999999977,
        62.95190000000002,
        31.10649999999987,
        31.132399999999507,
        31.910899999999856,
        61.112199999999575,
        30.556400000000394,
        61.82579999999962,
        15.602699999999459,
        31.063399999999092,
        47.058100000000195,
        15.184699999999793,
        30.122300000000905,
        62.28949999999895,
        62.15010000000075,
        31.584000000000742,
        47.01379999999881
      ],
      "p50": 31.584000000000742,
      "p95": 62.41129999999998,
      "p99": 62.95190000000002,
      "mean": 41.08623999999986,
      "total": 821.7247999999972
    },
    "keyword-detector": {
      "hookType": "keyword-detector",
      "executions": [
        62.9255,
        61.44269999999983,
        15.906400000000076,
        61.39609999999993,
        61.2492000000002,
        45.19720000000052,
        14.95129999999972,
        46.060999999999694,
        31.984599999999773,
        31.33939999999984,
        60.926800000000185,
        16.012800000000425,
        31.71680000000015,
        45.60239999999976,
        61.43870000000061,
        32.01890000000094,
        47.09360000000015,
        31.419799999999668,
        31.59519999999975,
        46.78620000000046
      ],
      "p50": 45.19720000000052,
      "p95": 61.44269999999983,
      "p99": 62.9255,
      "mean": 41.85323000000009,
      "total": 837.0646000000017
    },
    "autopilot": {
      "hookType": "autopilot",
      "executions": [
        92.90070000000003,
        108.02549999999997,
        46.844299999999976,
        123.59500000000025,
        139.53939999999966,
        108.2505000000001,
        168.08460000000014,
        122.93359999999939,
        92.23709999999937,
        137.96500000000015,
        60.68499999999949,
        185.9444999999996,
        122.44080000000031,
        154.14850000000115,
        92.40129999999954,
        122.59050000000025,
        77.13520000000062,
        154.32890000000043,
        92.29589999999916,
        123.39969999999994
      ],
      "p50": 122.44080000000031,
      "p95": 168.08460000000014,
      "p99": 185.9444999999996,
      "mean": 116.28729999999999,
      "total": 2325.7459999999996
    },
    "ralph": {
      "hookType": "ralph",
      "executions": [
        93.03280000000007,
        62.39490000000001,
        108.29469999999992,
        106.98199999999997,
        61.47659999999996,
        155.20889999999963,
        124.79309999999987,
        46.79740000000038,
        62.345900000000256,
        137.98579999999947,
        92.7518,
        93.98970000000008,
        122.67249999999876,
        45.88500000000022,
        155.08029999999962,
        92.91979999999967,
        46.906199999999444,
        124.57359999999971,
        107.01540000000023,
        61.14079999999922
      ],
      "p50": 93.03280000000007,
      "p95": 155.08029999999962,
      "p99": 155.20889999999963,
      "mean": 95.11235999999982,
      "total": 1902.2471999999966
    },
    "ultrawork": {
      "hookType": "ultrawork",
      "executions": [
        30.626899999999978,
        46.09500000000003,
        61.01260000000002,
        30.428300000000036,
        62.50260000000026,
        62.53989999999976,
        62.392800000000534,
        32.05619999999999,
        45.51509999999962,
        31.058400000000802,
        46.53740000000016,
        31.569800000001123,
        46.90189999999893,
        45.595400000000154,
        47.64509999999973,
        30.22309999999925,
        30.97649999999885,
        31.746099999998478,
        30.492199999998775,
        47.10269999999946
      ],
      "p50": 45.51509999999962,
      "p95": 62.50260000000026,
      "p99": 62.53989999999976,